Cluster,Calories_Burned,Calories_Burned,Calories_Burned,Calories_Burned,Workout_Type,Session_Duration (hours),Max_BPM,Workout_Frequency (days/week)
,mean,max,min,std,<lambda>,mean,mean,mean
0,1036.6363636363637,1783.0,303.0,333.5536683486994,Strength,1.2066776859504131,179.37851239669422,3.2264462809917354
2,1031.4603524229076,1783.0,303.0,331.67818915615544,Strength,1.8611894273127754,181.0286343612335,3.473568281938326
1,1025.335652173913,1783.0,303.0,314.0447387598396,Cardio,1.2181217391304346,180.5113043478261,3.3460869565217393
