Workout_Type,mean,max,min,count
Yoga,1064.6649746192893,1783.0,303.0,394
Cardio,1049.8181818181818,1783.0,303.0,396
Strength,1008.8834498834499,1783.0,303.0,429
HIIT,1004.924791086351,1783.0,314.0,359
